timestamp,open,high,low,close,adjusted_close,volume,dividend_amount,split_coefficient
2019-11-13,79.9900,81.3000,79.7700,81.0000,81.0000,777052,0.0000,1.0000
2019-11-12,80.4100,80.8100,79.7100,80.1200,80.1200,903600,0.0000,1.0000
2019-11-11,78.7200,80.4900,78.6960,80.4900,80.4900,673200,0.0000,1.0000
2019-11-08,78.9300,79.0000,78.3900,78.9500,78.9500,460400,0.0000,1.0000
2019-11-07,79.2100,79.4200,78.2900,79.0000,79.0000,801000,0.0000,1.0000
2019-11-06,76.9500,79.2300,76.9500,79.0700,79.0700,835100,0.0000,1.0000
2019-11-05,77.0400,77.4900,76.6200,76.8600,76.8600,739200,0.0000,1.0000
2019-11-04,77.4400,77.9900,76.7600,77.2100,77.2100,1387600,0.0000,1.0000
2019-11-01,78.3400,78.5200,77.3950,77.5700,77.5700,867800,0.0000,1.0000
2019-10-31,77.5800,78.2200,76.6200,78.0400,78.0400,941600,0.2000,1.0000
2019-10-30,77.1400,78.1000,76.7000,77.7500,77.5500,613000,0.0000,1.0000
2019-10-29,75.9900,77.1650,75.7050,77.0200,76.8219,649400,0.0000,1.0000
2019-10-28,75.1500,76.4200,75.1500,76.0300,75.8344,675400,0.0000,1.0000
2019-10-25,74.8800,75.3100,74.2200,75.0000,74.8071,728100,0.0000,1.0000
2019-10-24,74.8100,74.8100,73.7500,74.6000,74.4081,760400,0.0000,1.0000
2019-10-23,75.3300,75.5400,74.1700,74.8100,74.6176,1137200,0.0000,1.0000
2019-10-22,77.1800,77.1800,75.1800,75.3300,75.1362,696000,0.0000,1.0000
2019-10-21,76.9700,77.1800,76.5900,76.8200,76.6224,581500,0.0000,1.0000
2019-10-18,77.1300,77.3200,76.6200,76.9700,76.7720,612100,0.0000,1.0000
2019-10-17,76.4100,77.5300,76.2200,77.0500,76.8518,724700,0.0000,1.0000
2019-10-16,75.7000,76.2300,74.9500,76.2300,76.0339,762000,0.0000,1.0000
2019-10-15,75.9400,76.2000,75.1600,75.5000,75.3058,721100,0.0000,1.0000
2019-10-14,76.1900,76.3450,75.5200,75.8400,75.6449,458500,0.0000,1.0000
2019-10-11,76.5500,76.8800,76.0300,76.0900,75.8943,521700,0.0000,1.0000
2019-10-10,75.7900,76.9200,75.4300,76.4100,76.2134,829500,0.0000,1.0000
2019-10-09,76.5700,76.9800,75.7300,75.9600,75.7646,573100,0.0000,1.0000
2019-10-08,75.7600,76.9700,75.2300,76.5700,76.3730,1345400,0.0000,1.0000
2019-10-07,77.5400,77.7160,75.7000,75.9100,75.7147,1338600,0.0000,1.0000
2019-10-04,78.0000,79.3900,76.9900,77.7700,77.5699,1333500,0.0000,1.0000
2019-10-03,73.5400,77.8800,73.4700,77.8800,77.6797,2599200,0.0000,1.0000
2019-10-02,73.6000,74.6700,72.5100,73.3500,73.1613,2914300,0.0000,1.0000
2019-10-01,72.8200,74.7450,72.8200,73.5700,73.3808,2015100,0.0000,1.0000
2019-09-30,73.3400,73.4900,72.2600,72.7200,72.5329,1651100,0.0000,1.0000
2019-09-27,73.8400,73.8400,72.6700,73.3600,73.1713,722700,0.0000,1.0000
2019-09-26,74.1300,74.4900,73.5600,73.5900,73.4007,940700,0.0000,1.0000
2019-09-25,73.6400,74.3300,73.1600,73.8600,73.6700,987100,0.0000,1.0000
2019-09-24,74.2800,74.8100,73.6600,73.8600,73.6700,906600,0.0000,1.0000
2019-09-23,73.6800,74.4400,73.2200,74.1400,73.9493,956200,0.0000,1.0000
2019-09-20,74.0000,74.2200,72.8100,73.5200,73.3309,1409700,0.0000,1.0000
2019-09-19,73.7300,74.0100,73.4750,73.6300,73.4406,1055300,0.0000,1.0000
2019-09-18,74.1200,74.2900,72.9400,73.7500,73.5603,1059200,0.0000,1.0000
2019-09-17,72.8800,74.0100,72.6510,74.0000,73.8096,1109400,0.0000,1.0000
2019-09-16,72.2600,73.6500,71.9400,73.1900,73.0017,955700,0.0000,1.0000
2019-09-13,71.8300,73.0000,71.3500,72.1500,71.9644,913400,0.0000,1.0000
2019-09-12,71.8500,72.2200,71.6000,71.9500,71.7649,522300,0.0000,1.0000
2019-09-11,70.6000,71.7700,70.0200,71.5800,71.3959,657700,0.0000,1.0000
2019-09-10,70.7700,70.7800,69.7600,70.5700,70.3885,693000,0.0000,1.0000
2019-09-09,71.3000,71.4800,70.3400,71.0600,70.8772,526900,0.0000,1.0000
2019-09-06,71.9700,72.4400,71.1400,71.2200,71.0368,843600,0.0000,1.0000
2019-09-05,72.7600,72.8300,71.6300,71.7900,71.6053,920300,0.0000,1.0000
2019-09-04,71.5900,72.4800,71.2850,72.3800,72.1938,896900,0.0000,1.0000
2019-09-03,70.1000,71.4000,69.8100,71.3600,71.1764,611700,0.0000,1.0000
2019-08-30,70.2800,70.7700,70.1100,70.3900,70.2089,772900,0.0000,1.0000
2019-08-29,69.2000,70.0100,68.8800,69.9200,69.7401,429100,0.0000,1.0000
2019-08-28,68.5600,69.1600,68.1700,68.7700,68.5931,470600,0.0000,1.0000
2019-08-27,68.8800,69.2600,67.9400,68.4500,68.2739,630000,0.0000,1.0000
2019-08-26,68.8300,69.1200,68.4700,68.8700,68.6928,600400,0.0000,1.0000
2019-08-23,69.4200,69.9500,68.1000,68.4000,68.2241,673500,0.0000,1.0000
2019-08-22,68.6300,69.9600,68.4700,69.5100,69.3312,752700,0.0000,1.0000
2019-08-21,68.5100,69.1400,68.2300,68.4400,68.2639,732500,0.0000,1.0000
2019-08-20,69.8400,69.8400,67.9200,68.2500,68.0744,1249600,0.0000,1.0000
2019-08-19,69.0400,70.3800,68.9900,70.1200,69.9396,1447100,0.0000,1.0000
2019-08-16,68.1900,69.1800,66.7715,68.8100,68.6330,793700,0.0000,1.0000
2019-08-15,66.9400,68.2000,66.7744,67.9000,67.7253,749100,0.0000,1.0000
2019-08-14,67.2300,67.7200,66.4700,66.8000,66.6282,1232400,0.0000,1.0000
2019-08-13,67.9100,68.3800,67.1300,67.3000,67.1269,1410200,0.0000,1.0000
2019-08-12,66.8600,68.0100,66.6470,67.9000,67.7253,504500,0.0000,1.0000
2019-08-09,67.0500,67.2000,66.2200,67.0600,66.8875,544000,0.0000,1.0000
2019-08-08,65.0800,67.2600,65.0800,66.8400,66.6681,1236900,0.0000,1.0000
2019-08-07,64.8300,65.7800,63.6900,65.6200,65.4512,970800,0.0000,1.0000
2019-08-06,65.4100,66.1000,64.7800,64.9500,64.7829,1225500,0.0000,1.0000
2019-08-05,66.6300,66.8100,64.5500,65.3600,65.1919,1022100,0.0000,1.0000
2019-08-02,66.7000,67.3800,66.2400,67.0600,66.8875,1101600,0.0000,1.0000
2019-08-01,67.2600,67.7800,66.5300,66.5500,66.3788,1137600,0.2000,1.0000
2019-07-31,67.7000,67.7000,66.4050,67.1200,66.7479,2230500,0.0000,1.0000
2019-07-30,65.7100,67.7500,65.3300,67.5400,67.1655,1642100,0.0000,1.0000
2019-07-29,64.8600,65.7400,64.4800,65.5500,65.1866,1061900,0.0000,1.0000
2019-07-26,65.1200,65.2000,64.0800,64.6800,64.3214,1319900,0.0000,1.0000
2019-07-25,63.1000,64.9009,63.0100,64.7900,64.4308,1483600,0.0000,1.0000
2019-07-24,63.1900,64.1200,62.0300,63.4900,63.1380,2441700,0.0000,1.0000
2019-07-23,65.6300,65.6300,63.1300,63.6600,63.3070,3855700,0.0000,1.0000
2019-07-22,68.6400,68.7700,67.5000,67.5600,67.1854,1979700,0.0000,1.0000
2019-07-19,68.0500,68.8500,67.9400,68.5700,68.1898,1647200,0.0000,1.0000
2019-07-18,67.2000,68.0600,66.6700,67.9600,67.5832,892500,0.0000,1.0000
2019-07-17,66.7100,67.1400,66.4700,67.0800,66.7081,810900,0.0000,1.0000
2019-07-16,66.6300,67.0150,66.3500,66.7900,66.4197,1250400,0.0000,1.0000
2019-07-15,66.0000,66.8100,65.4100,66.3700,66.0020,1269400,0.0000,1.0000
2019-07-12,67.6000,67.7600,65.8900,65.9300,65.5645,2027500,0.0000,1.0000
2019-07-11,66.2900,67.7550,66.2500,67.5800,67.2053,2758600,0.0000,1.0000
2019-07-10,65.0000,66.8900,64.7700,66.2000,65.8330,2535000,0.0000,1.0000
2019-07-09,64.3700,65.3500,63.6400,65.0800,64.7192,2706600,0.0000,1.0000
2019-07-08,64.4300,64.7800,63.9600,64.3900,64.0330,956400,0.0000,1.0000
2019-07-05,63.5400,64.3800,63.3000,64.3400,63.9833,706100,0.0000,1.0000
2019-07-03,62.6500,63.9600,62.6500,63.7200,63.3667,670900,0.0000,1.0000
2019-07-02,62.8400,63.5500,62.5400,62.6200,62.2728,998700,0.0000,1.0000
2019-07-01,63.5300,63.6300,62.2800,62.5300,62.1833,1064400,0.0000,1.0000
2019-06-28,61.8500,63.3800,61.7000,63.3600,63.0087,2422000,0.0000,1.0000
2019-06-27,62.7400,62.7400,61.1100,61.7000,61.3579,1315000,0.0000,1.0000
2019-06-26,62.1200,63.2900,62.0682,63.0000,62.6507,2281300,0.0000,1.0000
2019-06-25,60.8300,62.8100,60.5400,62.5400,62.1932,2027400,0.0000,1.0000
2019-06-24,60.7900,61.4200,60.4400,60.7600,60.4231,1045100,0.0000,1.0000
2019-06-21,61.3300,61.8900,60.4520,60.8400,60.5027,1955300,0.0000,1.0000
2019-06-20,61.4390,62.1500,61.1300,61.3400,60.9999,1041300,0.0000,1.0000
2019-06-19,60.7600,61.4400,59.1500,61.3200,60.9800,1646700,0.0000,1.0000
2019-06-18,59.9900,60.1800,58.8300,58.9700,58.6430,1070900,0.0000,1.0000
2019-06-17,61.4400,61.5243,59.6050,59.8500,59.5182,1304100,0.0000,1.0000
2019-06-14,61.3300,61.9100,61.2100,61.7100,61.3679,1295100,0.0000,1.0000
2019-06-13,61.4300,61.5100,60.6500,61.2100,60.8706,1135900,0.0000,1.0000
2019-06-12,62.1400,62.6060,61.2400,61.3700,61.0297,691300,0.0000,1.0000
2019-06-11,61.4200,62.3500,61.4214,61.9200,61.5767,921000,0.0000,1.0000
2019-06-10,60.9000,61.6050,60.4900,61.4200,61.0795,1089800,0.0000,1.0000
2019-06-07,62.5800,62.7500,60.6602,60.9900,60.6518,1569000,0.0000,1.0000
2019-06-06,62.1400,62.5700,61.5200,62.3900,62.0441,1387700,0.0000,1.0000
2019-06-05,61.5900,62.4200,61.0400,62.3500,62.0043,1624400,0.0000,1.0000
2019-06-04,60.3519,61.2600,60.0600,61.2300,60.8905,3288800,0.0000,1.0000
2019-06-03,59.2500,60.3500,59.1900,60.2400,59.9060,1154800,0.0000,1.0000
2019-05-31,59.8400,59.9250,59.1600,59.2500,58.9215,1327000,0.0000,1.0000
2019-05-30,59.9100,60.4250,59.6100,60.0500,59.7171,1227000,0.0000,1.0000
2019-05-29,60.6000,60.7400,59.6400,59.9300,59.5977,2360800,0.0000,1.0000
2019-05-28,62.1300,62.3190,60.0800,60.7900,60.4530,4988700,0.0000,1.0000
2019-05-24,63.1800,63.4500,61.9200,62.1300,61.7855,2018100,0.0000,1.0000
2019-05-23,63.2900,63.4900,62.4616,63.0800,62.7303,1958000,0.0000,1.0000
2019-05-22,65.3600,65.9500,63.5700,63.6600,63.3070,1931600,0.0000,1.0000
2019-05-21,67.5700,67.9550,65.2200,65.3600,64.9976,2769600,0.0000,1.0000
2019-05-20,67.6300,68.4200,67.4600,67.5400,67.1655,1487200,0.0000,1.0000
2019-05-17,66.8300,67.8300,65.9522,67.6300,67.2550,1512700,0.0000,1.0000
2019-05-16,67.2500,68.0500,66.8500,66.8800,66.5092,2356500,0.0000,1.0000
2019-05-15,67.0800,68.1200,66.6600,67.0700,66.6981,2318900,0.0000,1.0000
2019-05-14,66.7600,67.8350,66.5800,67.0200,66.6484,1980300,0.0000,1.0000
2019-05-13,66.9900,67.2100,65.4300,66.5400,66.1711,2145700,0.0000,1.0000
2019-05-10,68.4600,68.4600,67.2200,67.4500,67.0760,1225000,0.0000,1.0000
2019-05-09,68.1800,68.7300,67.9300,68.6300,68.2495,1444000,0.0000,1.0000
2019-05-08,68.1500,68.6300,67.8900,68.3000,67.9213,2047200,0.0000,1.0000
2019-05-07,68.6100,68.8300,66.8300,68.2500,67.8716,2877900,0.0000,1.0000
2019-05-06,66.5100,67.6900,66.2900,67.5000,67.1257,1260900,0.0000,1.0000
2019-05-03,66.5300,67.1600,65.4600,67.1000,66.7280,2289800,0.0000,1.0000
2019-05-02,69.7700,69.7700,65.2300,66.3700,66.0020,3550000,0.2000,1.0000
2019-05-01,69.9400,70.6500,69.9000,70.1000,69.5124,1274000,0.0000,1.0000
2019-04-30,68.5700,70.1700,68.0700,70.0500,69.4629,1541400,0.0000,1.0000
2019-04-29,69.4700,69.5100,68.0000,68.5500,67.9754,1482700,0.0000,1.0000
2019-04-26,69.4100,70.2000,68.6800,69.6900,69.1059,955400,0.0000,1.0000
2019-04-25,68.7200,69.6700,68.6600,69.2000,68.6200,760000,0.0000,1.0000
2019-04-24,69.6600,69.8100,68.8200,69.2900,68.7092,1303600,0.0000,1.0000
2019-04-23,68.7500,69.8136,68.7500,69.4800,68.8976,1194300,0.0000,1.0000
2019-04-22,67.7300,68.9300,67.1934,68.9000,68.3225,1404000,0.0000,1.0000
2019-04-18,68.6200,68.6200,67.0800,67.6200,67.0532,2237200,0.0000,1.0000
2019-04-17,69.7500,69.9600,68.5900,68.6300,68.0548,1186000,0.0000,1.0000
2019-04-16,71.2200,71.6300,69.6336,69.6600,69.0761,1209600,0.0000,1.0000
2019-04-15,71.1400,71.6500,70.9300,71.2000,70.6032,900300,0.0000,1.0000
2019-04-12,71.4900,71.5500,70.5800,71.1100,70.5140,1008100,0.0000,1.0000
2019-04-11,72.3300,72.5800,71.2700,71.6300,71.0296,1192400,0.0000,1.0000
2019-04-10,73.0800,73.5300,72.2450,72.4000,71.7932,1176900,0.0000,1.0000
2019-04-09,72.6700,72.9400,71.9500,72.9200,72.3088,1220500,0.0000,1.0000
2019-04-08,71.9200,73.2000,71.7200,72.8700,72.2592,1527900,0.0000,1.0000
2019-04-05,70.1900,71.6600,69.6400,71.6300,71.0296,2512700,0.0000,1.0000
2019-04-04,73.0800,73.1500,70.3000,70.3200,69.7306,2401900,0.0000,1.0000
2019-04-03,74.5400,75.4300,73.0800,73.0900,72.4774,2835400,0.0000,1.0000
2019-04-02,79.0000,79.1000,73.1200,74.3600,73.7367,6500100,0.0000,1.0000
2019-04-01,74.7900,75.4300,73.7100,73.9700,73.3500,2302700,0.0000,1.0000
2019-03-29,74.1800,75.2400,73.3196,74.9400,74.3119,2903400,0.0000,1.0000
2019-03-28,72.4900,74.3450,72.1900,73.9200,73.3004,2104800,0.0000,1.0000
2019-03-27,73.1100,73.3700,72.1100,72.2700,71.6642,1378900,0.0000,1.0000
2019-03-26,72.8600,73.1800,72.2300,73.0000,72.3881,1276300,0.0000,1.0000
2019-03-25,71.5700,73.2800,71.5000,72.8300,72.2196,1798100,0.0000,1.0000
2019-03-22,71.2700,72.0300,70.8300,71.6600,71.0594,1241200,0.0000,1.0000
2019-03-21,69.5483,71.0000,69.2000,71.0000,70.4049,1108400,0.0000,1.0000
2019-03-20,69.8600,70.1550,68.8800,69.3700,68.7886,1150000,0.0000,1.0000
2019-03-19,70.1349,70.3300,69.3600,69.7100,69.1257,860800,0.0000,1.0000
2019-03-18,69.3800,70.3700,69.2400,69.9000,69.3141,1581000,0.0000,1.0000
2019-03-15,68.0400,69.5700,67.9600,69.5100,68.9274,3240500,0.0000,1.0000
2019-03-14,69.9800,69.9780,68.1300,68.1900,67.6185,1990000,0.0000,1.0000
2019-03-13,69.7100,70.0100,69.4000,69.8400,69.2546,1163900,0.0000,1.0000
2019-03-12,70.4300,70.4750,69.6000,69.7000,69.1158,1347900,0.0000,1.0000
2019-03-11,69.9600,70.4600,69.6000,70.2100,69.6215,1504200,0.0000,1.0000
2019-03-08,70.4646,70.4600,69.7950,70.0100,69.4232,1011200,0.0000,1.0000
2019-03-07,70.5500,71.2050,70.1758,70.5100,69.9190,1737100,0.0000,1.0000
2019-03-06,71.2500,71.7500,70.4100,70.5400,69.9488,1349400,0.0000,1.0000
2019-03-05,70.7300,71.1600,70.4330,71.1600,70.5636,1255300,0.0000,1.0000
2019-03-04,70.9300,70.9400,70.0112,70.7900,70.1967,2055500,0.0000,1.0000
2019-03-01,69.6900,70.9700,69.1200,70.9500,70.3553,1156800,0.0000,1.0000
2019-02-28,69.2000,69.6600,68.6400,69.3100,68.7291,1265700,0.0000,1.0000
2019-02-27,68.8400,69.1150,67.8400,69.1000,68.5208,1306900,0.0000,1.0000
2019-02-26,69.7700,70.0500,68.9300,69.0000,68.4217,1826300,0.0000,1.0000
2019-02-25,70.8000,70.9600,69.2700,69.4900,68.9076,1164700,0.0000,1.0000
2019-02-22,70.0500,70.8600,69.6500,70.5000,69.9091,962100,0.0000,1.0000
2019-02-21,70.0000,70.9900,69.9000,70.9800,70.3851,990100,0.0000,1.0000
2019-02-20,70.1700,70.4200,69.8700,70.0600,69.4728,1480300,0.0000,1.0000
2019-02-19,69.4600,70.4400,69.4007,70.3000,69.7108,1552100,0.0000,1.0000
2019-02-15,69.5200,69.8900,69.0000,69.5100,68.9274,1393100,0.0000,1.0000
2019-02-14,68.3300,69.5200,67.9200,68.9700,68.3919,2305400,0.0000,1.0000
2019-02-13,69.2200,69.4900,68.3700,68.5600,67.9854,2659200,0.0000,1.0000
2019-02-12,70.3400,70.7700,69.0000,69.0200,68.4415,1521300,0.0000,1.0000
2019-02-11,70.8600,71.0000,69.8100,70.3900,69.8000,1202700,0.0000,1.0000
2019-02-08,70.2900,70.6200,70.0100,70.6200,70.0281,1095300,0.0000,1.0000
2019-02-07,70.9537,71.3700,70.2300,70.6100,70.0182,1310700,0.0000,1.0000
2019-02-06,71.4800,71.6300,70.7400,71.3100,70.7123,782900,0.0000,1.0000
2019-02-05,71.3900,72.0100,71.1800,71.6400,71.0395,945500,0.0000,1.0000
2019-02-04,72.1600,72.3300,70.8400,71.3000,70.7024,1440300,0.0000,1.0000
2019-02-01,72.4800,72.5500,71.6050,72.4000,71.7932,1837400,0.0000,1.0000
2019-01-31,72.1400,72.4435,71.0700,72.3000,71.6940,1343600,0.2000,1.0000
2019-01-30,72.7100,73.0000,72.2600,72.5800,71.7733,846500,0.0000,1.0000
2019-01-29,71.3296,72.7600,71.3300,72.4400,71.6349,1236200,0.0000,1.0000
2019-01-28,70.6300,71.5200,70.1300,71.4000,70.6065,2788400,0.0000,1.0000
2019-01-25,71.7699,72.0000,70.5000,71.1000,70.3098,1437900,0.0000,1.0000
2019-01-24,71.9900,72.5000,70.8400,71.3600,70.5669,1286100,0.0000,1.0000
2019-01-23,71.9400,73.6000,71.5800,72.7300,71.9217,1791300,0.0000,1.0000
2019-01-22,70.8900,71.4700,70.3300,70.7500,69.9637,1429000,0.0000,1.0000
2019-01-18,71.1300,71.7560,70.6800,70.8800,70.0922,1927600,0.0000,1.0000
2019-01-17,69.9969,71.2500,69.9200,70.9000,70.1120,1487100,0.0000,1.0000
2019-01-16,69.2226,71.1100,69.2100,70.1800,69.4000,1986100,0.0000,1.0000
2019-01-15,67.6500,69.1400,67.4300,68.9000,68.1342,1738800,0.0000,1.0000
2019-01-14,69.4600,69.4600,65.8679,67.6400,66.8882,1960700,0.0000,1.0000
2019-01-11,69.8600,69.8551,69.0000,69.4700,68.6979,968000,0.0000,1.0000
2019-01-10,69.7200,69.8900,68.9000,69.8600,69.0836,1403300,0.0000,1.0000
2019-01-09,71.1600,71.2100,69.6700,69.7200,68.9451,1763500,0.0000,1.0000
2019-01-08,70.6100,71.6100,69.8100,70.9100,70.1219,2914300,0.0000,1.0000
2019-01-07,75.5900,75.5853,69.8500,70.5500,69.7659,3497900,0.0000,1.0000
2019-01-04,75.0927,76.8800,74.6600,75.5800,74.7400,2716400,0.0000,1.0000
2019-01-03,73.1400,73.8800,72.7700,72.9800,72.1689,2178800,0.0000,1.0000
2019-01-02,73.2300,74.0900,72.1700,73.6600,72.8413,2203800,0.0000,1.0000
2018-12-31,73.6100,73.7500,72.7000,73.5600,72.7424,849600,0.0000,1.0000
2018-12-28,74.0700,74.4900,72.9300,73.6100,72.7919,823000,0.0000,1.0000
2018-12-27,72.7900,73.7400,71.5700,73.7300,72.9106,1473700,0.0000,1.0000
2018-12-26,71.9000,73.6500,71.6600,73.3700,72.5546,2635100,0.0000,1.0000
2018-12-24,73.5800,74.4300,70.9100,71.5300,70.7350,548400,0.0000,1.0000
2018-12-21,73.7500,75.2100,73.2900,73.6000,72.7820,2323600,0.0000,1.0000
2018-12-20,74.7500,75.4000,72.7100,73.4000,72.5842,1965600,0.0000,1.0000
2018-12-19,75.9900,77.3600,74.7200,74.9900,74.1565,1771900,0.0000,1.0000
2018-12-18,75.9600,76.4950,75.0300,75.6300,74.7894,1660400,0.0000,1.0000
2018-12-17,75.7000,76.7000,75.2050,75.4400,74.6015,2019200,0.0000,1.0000
2018-12-14,77.4700,77.7200,75.5000,75.8300,74.9872,1780300,0.0000,1.0000
2018-12-13,76.3500,77.8700,76.1900,77.6900,76.8265,1376300,0.0000,1.0000
2018-12-12,75.6100,77.2030,75.6000,76.3900,75.5410,1750700,0.0000,1.0000
2018-12-11,73.9000,75.7865,73.6700,75.1700,74.3345,1820500,0.0000,1.0000
2018-12-10,73.6400,73.6400,72.2900,73.3700,72.5546,2327900,0.0000,1.0000
2018-12-07,74.3000,74.5200,73.1900,73.4500,72.6337,1580800,0.0000,1.0000
2018-12-06,75.5000,76.3000,72.9800,74.1300,73.3061,2525500,0.0000,1.0000
2018-12-04,75.8600,76.8700,75.3000,75.4900,74.6510,3021000,0.0000,1.0000
2018-12-03,77.3367,77.4000,74.6400,75.5800,74.7400,3214500,0.0000,1.0000
2018-11-30,76.9000,77.6500,75.8300,76.7000,75.8475,39405400,0.0000,1.0000
2018-11-29,77.3000,78.7745,76.6600,76.7400,75.8871,2621800,0.0000,1.0000
2018-11-28,77.5000,78.2300,76.1400,77.1000,76.2431,2684600,0.0000,1.0000
2018-11-27,78.3600,79.5900,77.1900,77.5500,76.6881,3391800,0.0000,1.0000
2018-11-26,81.7400,81.8400,79.9800,80.3700,79.4768,1703500,0.0000,1.0000
2018-11-23,81.3900,82.0600,80.6600,81.1500,80.2481,480000,0.0000,1.0000
2018-11-21,80.6600,82.0300,80.6500,81.7900,80.8810,676300,0.0000,1.0000
2018-11-20,80.5000,80.7700,79.8200,80.6000,79.7042,1087000,0.0000,1.0000
2018-11-19,82.3800,83.0824,80.6300,80.8100,79.9119,1469300,0.0000,1.0000
2018-11-16,82.1984,83.6400,82.0600,82.6500,81.7314,1079300,0.0000,1.0000
2018-11-15,81.9000,82.7700,80.5500,82.2100,81.2963,1196800,0.0000,1.0000
2018-11-14,83.3400,83.8600,82.7000,82.9900,82.0676,1483800,0.0000,1.0000
2018-11-13,82.1700,83.4600,81.7400,83.3500,82.4236,1127300,0.0000,1.0000
2018-11-12,82.0000,82.8100,81.3200,82.1400,81.2271,1195000,0.0000,1.0000
2018-11-09,81.5000,82.0315,81.1400,82.0200,81.1084,901200,0.0000,1.0000
2018-11-08,80.6000,81.8500,80.3300,81.6800,80.7722,1323800,0.0000,1.0000
2018-11-07,80.4000,81.6300,80.4000,80.8100,79.9119,832900,0.0000,1.0000
2018-11-06,78.6429,80.4300,78.6300,80.2600,79.3680,1220100,0.0000,1.0000
2018-11-05,77.0300,78.7050,77.0100,78.6300,77.7561,1032700,0.0000,1.0000
2018-11-02,77.4500,78.2352,76.3000,76.9800,76.1244,1008800,0.0000,1.0000
2018-11-01,78.1600,78.2100,76.5200,77.2300,76.3717,934900,0.1910,1.0000
2018-10-31,76.8185,79.0600,76.2300,78.1600,77.1024,1343400,0.0000,1.0000
2018-10-30,77.3300,78.6820,76.0300,76.7900,75.7510,1541800,0.0000,1.0000
2018-10-29,77.7000,78.9600,76.7100,77.2000,76.1554,1351000,0.0000,1.0000
2018-10-26,77.5100,77.8700,76.7000,77.0100,75.9680,972800,0.0000,1.0000
2018-10-25,78.1300,78.7500,77.3500,78.0500,76.9939,1289400,0.0000,1.0000
2018-10-24,78.2500,79.9700,78.0800,79.0500,77.9804,1673300,0.0000,1.0000
2018-10-23,76.5800,78.3500,75.8200,78.1600,77.1024,869000,0.0000,1.0000
2018-10-22,76.9600,77.7000,76.4300,77.1500,76.1061,720800,0.0000,1.0000
2018-10-19,76.3500,76.8400,75.9900,76.5700,75.5339,757300,0.0000,1.0000
2018-10-18,76.1100,76.7800,75.0200,75.6500,74.6264,694000,0.0000,1.0000
2018-10-17,75.1200,76.2550,74.5000,76.1100,75.0802,893200,0.0000,1.0000
2018-10-16,73.5300,75.3400,73.3300,75.2700,74.2515,972800,0.0000,1.0000
2018-10-15,73.0600,73.6600,72.5000,73.1800,72.1898,601300,0.0000,1.0000
2018-10-12,72.6600,73.1900,72.0900,72.9600,71.9728,1023100,0.0000,1.0000
2018-10-11,72.9900,73.0900,71.8795,72.1300,71.1540,1545100,0.0000,1.0000
2018-10-10,74.6400,74.8409,73.0000,73.2200,72.2293,4301600,0.0000,1.0000
2018-10-09,74.1000,75.8100,73.8300,74.6200,73.6103,1729400,0.0000,1.0000
2018-10-08,74.3600,75.0900,73.3500,73.9900,72.9889,1962400,0.0000,1.0000
2018-10-05,73.4400,74.8300,73.2800,74.7000,73.6892,1516300,0.0000,1.0000
2018-10-04,72.0800,73.4400,71.8100,73.2500,72.2589,1373800,0.0000,1.0000
2018-10-03,72.9400,73.9000,72.1900,72.2400,71.2625,1437900,0.0000,1.0000
2018-10-02,69.6600,72.4700,68.2500,72.0000,71.0258,3305800,0.0000,1.0000
2018-10-01,66.9600,67.0000,65.8000,65.9400,65.0478,1468500,0.0000,1.0000
2018-09-28,65.3800,66.6700,65.0500,66.6000,65.6988,1398000,0.0000,1.0000
2018-09-27,66.2900,66.4100,65.2400,65.5900,64.7025,1582800,0.0000,1.0000
2018-09-26,67.0800,67.2500,66.4700,66.7000,65.7975,1040900,0.0000,1.0000
2018-09-25,66.4600,67.1400,66.2400,67.1000,66.1921,700400,0.0000,1.0000
2018-09-24,66.8100,67.2103,65.8700,66.4300,65.5312,1674600,0.0000,1.0000
2018-09-21,66.9200,67.4900,66.7300,67.0000,66.0934,1450600,0.0000,1.0000
2018-09-20,65.2700,66.2700,64.6800,66.1300,65.2352,1029100,0.0000,1.0000
2018-09-19,66.9700,67.2100,65.2100,65.2600,64.3770,1646600,0.0000,1.0000
2018-09-18,66.5000,67.8330,65.5900,66.8400,65.9356,1182800,0.0000,1.0000
2018-09-17,68.0600,68.0600,66.6800,66.6900,65.7876,602900,0.0000,1.0000
2018-09-14,67.3500,68.1900,67.2200,68.0100,67.0898,533600,0.0000,1.0000
2018-09-13,67.1200,67.7900,66.6100,67.3500,66.4387,508000,0.0000,1.0000
2018-09-12,67.2200,67.4700,66.4600,67.1400,66.2315,464100,0.0000,1.0000
2018-09-11,66.7200,67.3900,66.4880,67.1300,66.2217,390600,0.0000,1.0000
2018-09-10,67.0400,67.2070,66.8500,67.0300,66.1230,410100,0.0000,1.0000
2018-09-07,67.0200,67.2450,66.7150,66.8300,65.9257,377600,0.0000,1.0000
2018-09-06,67.0300,67.5400,66.8100,67.2200,66.3105,783300,0.0000,1.0000
2018-09-05,66.8300,67.5100,66.5400,67.3000,66.3894,549500,0.0000,1.0000
2018-09-04,67.6500,67.8900,67.0500,67.1700,66.2611,570000,0.0000,1.0000
2018-08-31,67.2000,67.7200,66.8370,67.6000,66.6853,462000,0.0000,1.0000
2018-08-30,67.5400,67.9300,66.9100,67.1200,66.2118,457400,0.0000,1.0000
2018-08-29,68.2100,68.3700,67.6300,67.7300,66.8136,373500,0.0000,1.0000
2018-08-28,67.9100,68.6500,67.6700,67.9000,66.9813,602000,0.0000,1.0000
2018-08-27,67.4500,68.4600,67.3500,68.1200,67.1983,878500,0.0000,1.0000
2018-08-24,66.9100,67.3800,66.7200,67.0300,66.1230,1001600,0.0000,1.0000
2018-08-23,65.8600,67.3800,65.8000,67.0800,66.1724,745600,0.0000,1.0000
2018-08-22,65.3200,66.2500,65.0100,66.1800,65.2845,1132700,0.0000,1.0000
2018-08-21,65.6300,66.1100,65.0000,65.2400,64.3573,1734800,0.0000,1.0000
2018-08-20,65.7800,66.0000,65.1800,65.6300,64.7420,1355900,0.0000,1.0000
2018-08-17,66.1300,66.1300,63.0200,65.5900,64.7025,1891500,0.0000,1.0000
2018-08-16,69.2900,69.7500,66.4500,66.5900,65.6890,1606200,0.0000,1.0000
2018-08-15,71.4653,71.7100,68.9400,69.2600,68.3229,977000,0.0000,1.0000
2018-08-14,71.1200,72.0400,70.9600,71.7000,70.7298,604900,0.0000,1.0000
2018-08-13,71.0500,71.5047,70.4600,70.9200,69.9604,758800,0.0000,1.0000
2018-08-10,71.5000,72.3650,70.9500,71.0900,70.1281,399200,0.0000,1.0000
2018-08-09,71.3900,71.7400,70.8100,71.6300,70.6608,681500,0.0000,1.0000
2018-08-08,71.8100,71.9300,71.1000,71.4100,70.4438,301300,0.0000,1.0000
2018-08-07,72.6200,72.6300,71.6700,71.7700,70.7989,601200,0.0000,1.0000
2018-08-06,72.3400,73.1900,71.8300,72.5800,71.5979,924900,0.0000,1.0000
2018-08-03,70.6700,72.1800,70.6700,72.1600,71.1836,633400,0.0000,1.0000
2018-08-02,69.2200,70.7500,69.0400,70.5300,69.5757,460300,0.1910,1.0000
2018-08-01,70.2900,70.3700,69.5300,69.7000,68.5685,428900,0.0000,1.0000
2018-07-31,70.3500,70.5200,70.0600,70.2700,69.1292,656000,0.0000,1.0000
2018-07-30,69.5200,70.2998,69.4100,70.2400,69.0997,659300,0.0000,1.0000
2018-07-27,70.1400,70.4857,69.7500,69.8000,68.6669,834500,0.0000,1.0000
2018-07-26,70.9200,71.0200,68.2500,70.0500,68.9128,1632400,0.0000,1.0000
2018-07-25,68.6300,71.3150,68.1000,70.4100,69.2670,1789700,0.0000,1.0000
2018-07-24,68.8700,69.5500,68.0900,68.3400,67.2306,2183000,0.0000,1.0000
2018-07-23,70.5200,70.6700,68.8050,69.0200,67.8995,1380400,0.0000,1.0000
2018-07-20,70.4800,70.8600,70.0700,70.4200,69.2768,825900,0.0000,1.0000
2018-07-19,70.4800,70.8000,69.8410,70.3800,69.2374,944800,0.0000,1.0000
2018-07-18,70.6900,70.9300,70.2900,70.5900,69.4440,549500,0.0000,1.0000
2018-07-17,70.1936,70.9200,70.1100,70.7300,69.5818,498300,0.0000,1.0000
2018-07-16,70.6900,70.8628,70.0250,70.2000,69.0604,539700,0.0000,1.0000
2018-07-13,70.5700,71.2900,70.5100,70.8500,69.6998,674500,0.0000,1.0000
2018-07-12,70.3500,70.5700,70.0900,70.5400,69.3949,887500,0.0000,1.0000
2018-07-11,70.2100,70.6479,69.7900,70.2000,69.0604,447000,0.0000,1.0000
2018-07-10,70.7752,71.0100,70.0300,70.2800,69.1391,1437100,0.0000,1.0000
2018-07-09,70.2029,71.0400,70.0300,70.3800,69.2374,832500,0.0000,1.0000
2018-07-06,69.7000,70.5000,69.7000,70.1900,69.0505,375100,0.0000,1.0000
2018-07-05,68.5200,69.9300,68.2700,69.8800,68.7456,1000200,0.0000,1.0000
2018-07-03,68.1255,68.6300,67.9400,68.3700,67.2601,514500,0.0000,1.0000
2018-07-02,68.1200,68.2000,67.6200,67.9900,66.8862,763100,0.0000,1.0000
2018-06-29,68.9758,69.3400,68.4200,68.5100,67.3978,857500,0.0000,1.0000
2018-06-28,68.2100,68.9800,68.1000,68.7200,67.6044,606700,0.0000,1.0000
2018-06-27,68.7500,69.0700,67.8200,68.1600,67.0535,588600,0.0000,1.0000
2018-06-26,68.4200,69.5522,68.1500,68.6300,67.5159,1033900,0.0000,1.0000
2018-06-25,68.0593,68.3700,67.5700,68.1500,67.0437,805400,0.0000,1.0000
2018-06-22,67.5500,68.1481,67.0600,67.8800,66.7780,1102700,0.0000,1.0000
2018-06-21,67.6100,67.9100,67.1900,67.2900,66.1976,2038400,0.0000,1.0000
2018-06-20,66.6300,67.6000,66.1400,67.4800,66.3845,2094000,0.0000,1.0000
2018-06-19,64.8700,66.6500,64.5200,66.3800,65.3024,1463000,0.0000,1.0000
2018-06-18,64.5000,65.0700,64.4700,64.9300,63.8759,644400,0.0000,1.0000
2018-06-15,65.8100,65.9000,64.7200,64.9300,63.8759,1262100,0.0000,1.0000
2018-06-14,65.5300,66.0206,65.1700,65.8500,64.7810,513700,0.0000,1.0000
2018-06-13,65.8000,66.0900,65.3300,65.3400,64.2793,1218500,0.0000,1.0000
2018-06-12,65.5500,65.9600,65.2900,65.6900,64.6236,593100,0.0000,1.0000
2018-06-11,65.6700,65.9300,65.3600,65.3600,64.2989,554400,0.0000,1.0000
2018-06-08,64.9900,66.3130,64.8000,65.6800,64.6138,768200,0.0000,1.0000
2018-06-07,64.4900,65.5700,64.1500,64.8600,63.8071,1227700,0.0000,1.0000
2018-06-06,65.7200,65.7200,63.3500,64.6600,63.6103,1178700,0.0000,1.0000
2018-06-05,65.2300,65.8092,64.5100,65.7300,64.6629,1382300,0.0000,1.0000
2018-06-04,64.3200,65.2800,64.1700,65.2800,64.2202,741500,0.0000,1.0000
2018-06-01,64.1200,64.4300,63.6400,64.1100,63.0692,799300,0.0000,1.0000
2018-05-31,65.0000,65.0600,63.7500,63.7500,62.7151,740500,0.0000,1.0000
2018-05-30,64.8100,65.3900,64.6600,65.0000,63.9448,784400,0.0000,1.0000
2018-05-29,64.9800,65.3300,64.1700,64.5600,63.5119,806100,0.0000,1.0000
2018-05-25,65.1300,66.0700,64.9600,65.4300,64.3678,1288600,0.0000,1.0000
2018-05-24,65.1600,65.5550,64.9600,65.2000,64.1415,907000,0.0000,1.0000
2018-05-23,64.8301,65.3300,64.8300,65.1600,64.1022,547100,0.0000,1.0000
2018-05-22,66.2800,66.3100,64.1700,65.0400,63.9841,1506600,0.0000,1.0000
2018-05-21,67.1600,67.3700,66.5600,66.7400,65.6565,676000,0.0000,1.0000
2018-05-18,66.6700,67.1000,66.5502,66.7900,65.7057,581500,0.0000,1.0000
2018-05-17,67.1700,67.3000,66.6800,67.0000,65.9123,726600,0.0000,1.0000
2018-05-16,67.2800,67.3050,66.7700,67.1400,66.0500,603200,0.0000,1.0000
2018-05-15,67.2500,67.7300,67.0000,67.3100,66.2173,831100,0.0000,1.0000
2018-05-14,68.1000,68.4100,67.4750,67.6200,66.5222,693700,0.0000,1.0000
2018-05-11,68.1800,68.7000,67.7400,67.9300,66.8272,730800,0.0000,1.0000
2018-05-10,68.2800,68.3481,67.7200,68.0300,66.9256,841400,0.0000,1.0000
2018-05-09,66.7500,68.3100,66.6700,67.7300,66.6305,1146700,0.0000,1.0000
2018-05-08,66.0700,66.7392,65.8600,66.6600,65.5778,557300,0.0000,1.0000
2018-05-07,65.3700,66.3500,64.8740,66.2100,65.1351,961600,0.0000,1.0000
2018-05-04,63.9400,65.6500,63.8600,65.0900,64.0333,700300,0.0000,1.0000
2018-05-03,64.1100,64.3100,63.4650,64.0400,63.0004,721600,0.1910,1.0000
2018-05-02,64.9100,65.2500,64.0000,64.1400,62.9109,878600,0.0000,1.0000
2018-05-01,65.0300,65.1500,64.4600,64.9700,63.7249,945900,0.0000,1.0000
2018-04-30,66.5700,66.6600,65.2700,65.3200,64.0682,810100,0.0000,1.0000
2018-04-27,66.5400,66.8499,66.3400,66.5900,65.3139,474200,0.0000,1.0000
2018-04-26,66.0400,66.7500,65.6100,66.4100,65.1374,1045900,0.0000,1.0000
2018-04-25,65.3300,65.9600,65.0500,65.8500,64.5881,814300,0.0000,1.0000
2018-04-24,66.0400,66.1300,65.0400,65.4400,64.1859,665200,0.0000,1.0000
2018-04-23,65.6400,66.1000,65.4600,65.6600,64.4017,537000,0.0000,1.0000
2018-04-20,65.2500,65.5700,64.5800,65.3600,64.1075,2933100,0.0000,1.0000
2018-04-19,65.4700,65.6100,64.7300,65.2500,63.9996,685500,0.0000,1.0000
2018-04-18,65.5000,65.9700,64.9600,65.5100,64.2546,1868200,0.0000,1.0000
2018-04-17,64.8500,65.5500,64.4600,65.5000,64.2448,2760600,0.0000,1.0000
2018-04-16,64.2500,64.9500,63.8700,64.7300,63.4895,1246900,0.0000,1.0000
2018-04-13,63.6300,64.2500,63.0100,64.1200,62.8912,1476700,0.0000,1.0000
2018-04-12,63.8400,64.0900,63.0818,63.3200,62.1066,1163700,0.0000,1.0000
2018-04-11,63.3300,63.8700,63.2800,63.7600,62.5381,1569100,0.0000,1.0000
2018-04-10,63.0000,63.9700,62.3800,63.7700,62.5479,1306900,0.0000,1.0000
2018-04-09,62.1800,63.0700,61.7800,62.2900,61.0963,1087700,0.0000,1.0000
2018-04-06,61.3000,62.5600,60.9400,61.7800,60.5961,1652400,0.0000,1.0000
2018-04-05,62.0000,62.8350,60.0600,61.4700,60.2920,3817100,0.0000,1.0000
2018-04-04,58.7300,59.6700,58.2500,59.4300,58.2911,1883600,0.0000,1.0000
2018-04-03,58.4400,59.4980,57.5800,59.1300,57.9969,1578900,0.0000,1.0000
2018-04-02,58.5000,58.9000,57.4500,58.0700,56.9572,1876100,0.0000,1.0000
2018-03-29,56.7600,58.5000,56.7600,58.2200,57.1043,1344500,0.0000,1.0000
2018-03-28,55.9700,56.5600,55.7900,56.3900,55.3094,832600,0.0000,1.0000
2018-03-27,57.3100,57.5400,55.7700,56.0000,54.9268,1010600,0.0000,1.0000
2018-03-26,54.5300,56.6100,54.4850,56.4300,55.3486,1135000,0.0000,1.0000
2018-03-23,54.7500,55.2000,54.0400,54.0500,53.0142,806600,0.0000,1.0000
2018-03-22,55.0000,55.7692,54.5700,54.5800,53.5341,636900,0.0000,1.0000
2018-03-21,55.5300,55.6950,54.5800,55.3600,54.2991,769300,0.0000,1.0000
2018-03-20,55.6700,55.9600,55.5100,55.6900,54.6228,422400,0.0000,1.0000
2018-03-19,55.5200,55.8600,55.1900,55.4700,54.4070,976200,0.0000,1.0000
2018-03-16,55.7200,56.2500,55.2307,55.6600,54.5934,1027100,0.0000,1.0000
2018-03-15,56.2200,56.6400,55.2900,55.6200,54.5541,502200,0.0000,1.0000
2018-03-14,56.7499,56.9200,55.9000,56.0800,55.0053,468300,0.0000,1.0000
2018-03-13,57.3200,57.5900,56.3566,56.4700,55.3878,391700,0.0000,1.0000
2018-03-12,57.4600,57.6700,56.8500,57.2600,56.1627,798000,0.0000,1.0000
2018-03-09,56.9920,57.3900,56.6600,57.3300,56.2314,966600,0.0000,1.0000
2018-03-08,56.3600,56.9000,56.1700,56.6700,55.5840,846300,0.0000,1.0000
2018-03-07,56.3156,56.6400,55.8600,56.3100,55.2309,872200,0.0000,1.0000
2018-03-06,55.8500,56.8400,55.6050,56.8200,55.7311,784800,0.0000,1.0000
2018-03-05,55.2100,55.9300,55.0100,55.8800,54.8091,1070700,0.0000,1.0000
2018-03-02,54.2300,55.4300,54.0400,55.3700,54.3089,731200,0.0000,1.0000
2018-03-01,54.0800,55.1200,53.9900,54.4600,53.4163,776000,0.0000,1.0000
2018-02-28,54.5800,54.8220,54.0800,54.0900,53.0534,941000,0.0000,1.0000
2018-02-27,54.6200,54.9100,54.3908,54.3900,53.3477,530100,0.0000,1.0000
2018-02-26,54.9400,55.0700,54.3500,54.6200,53.5733,623700,0.0000,1.0000
2018-02-23,53.9827,54.7500,53.3100,54.7100,53.6616,707000,0.0000,1.0000
2018-02-22,53.5200,54.2700,53.2900,53.7500,52.7200,1400100,0.0000,1.0000
2018-02-21,54.4200,54.9600,53.4700,53.5100,52.4846,877100,0.0000,1.0000
2018-02-20,55.2800,55.5700,54.2400,54.2900,53.2496,1143100,0.0000,1.0000
2018-02-16,55.0700,55.8500,54.8500,55.5800,54.5149,1263800,0.0000,1.0000
2018-02-15,54.4600,55.4000,53.8700,55.4000,54.3383,3528800,0.0000,1.0000
2018-02-14,54.3300,54.8300,53.9310,54.2400,53.2006,1668100,0.0000,1.0000
2018-02-13,54.9600,55.0700,54.2200,54.5400,53.4948,1404800,0.0000,1.0000
2018-02-12,54.7800,55.4650,54.3500,55.0800,54.0245,1267300,0.0000,1.0000
2018-02-09,55.0800,55.5650,52.9200,54.4600,53.4163,1810400,0.0000,1.0000
2018-02-08,57.1300,57.5000,54.6900,54.7300,53.6812,1622100,0.0000,1.0000
2018-02-07,55.6700,57.2300,55.5180,56.9300,55.8390,1652700,0.0000,1.0000
2018-02-06,55.2200,56.7400,54.3400,55.8000,54.7307,2049700,0.0000,1.0000
2018-02-05,56.7365,57.5300,56.1700,56.3400,55.2603,2142200,0.0000,1.0000
2018-02-02,57.1500,57.6514,56.2250,56.7900,55.7017,1788400,0.0000,1.0000
2018-02-01,58.4000,58.8007,57.0100,57.4000,56.3000,1690200,0.1910,1.0000
2018-01-31,58.4600,59.1400,58.1900,58.6000,57.2897,861000,0.0000,1.0000
2018-01-30,58.6700,59.0950,58.0400,58.2500,56.9475,950300,0.0000,1.0000
2018-01-29,59.4900,60.2300,59.0800,59.0900,57.7687,709100,0.0000,1.0000
2018-01-26,59.2300,59.8600,58.8000,59.8000,58.4628,445000,0.0000,1.0000
2018-01-25,60.0700,60.4600,58.9000,59.2400,57.9154,704600,0.0000,1.0000
2018-01-24,60.4000,60.7500,59.8006,59.8700,58.5313,828300,0.0000,1.0000
2018-01-23,60.1600,60.6600,59.8500,60.3200,58.9712,577400,0.0000,1.0000
2018-01-22,60.2700,60.8500,60.0400,60.3000,58.9517,794100,0.0000,1.0000
2018-01-19,59.1800,60.2800,59.1800,60.0400,58.6975,976700,0.0000,1.0000
2018-01-18,59.3700,59.5300,58.6263,59.0300,57.7101,1657000,0.0000,1.0000
2018-01-17,58.7400,59.6300,58.5000,59.3400,58.0131,680100,0.0000,1.0000
2018-01-16,58.4000,59.0900,58.3450,58.5200,57.2115,1013600,0.0000,1.0000
2018-01-12,57.9900,58.4400,57.6200,58.2800,56.9768,1095800,0.0000,1.0000
2018-01-11,58.0200,58.2400,57.5267,58.0000,56.7031,1429700,0.0000,1.0000
2018-01-10,58.2600,58.4550,57.5700,57.8700,56.5760,997800,0.0000,1.0000
2018-01-09,58.4900,58.7000,57.9800,58.0400,56.7422,891700,0.0000,1.0000
2018-01-08,57.8200,58.6900,57.2900,58.5600,57.2506,958600,0.0000,1.0000
2018-01-05,57.2400,58.0000,56.7400,57.7000,56.4098,2317200,0.0000,1.0000
2018-01-04,55.5531,57.9900,53.2000,57.2200,55.9405,3492400,0.0000,1.0000
2018-01-03,55.6000,56.4400,55.2200,56.0600,54.8065,1631600,0.0000,1.0000
2018-01-02,56.4900,56.7700,55.1700,55.3700,54.1319,938900,0.0000,1.0000
2017-12-29,55.9200,57.5100,55.8200,56.4500,55.1878,1163400,0.0000,1.0000
2017-12-28,55.6300,56.0700,55.4200,55.8600,54.6109,668100,0.0000,1.0000
2017-12-27,55.3357,55.7300,55.2000,55.4600,54.2199,571100,0.0000,1.0000
2017-12-26,55.8100,55.8600,55.1100,55.1800,53.9461,492000,0.0000,1.0000
2017-12-22,55.6800,55.9900,55.3800,55.8200,54.5718,835800,0.0000,1.0000
2017-12-21,56.0400,56.2500,55.3000,55.4300,54.1906,776200,0.0000,1.0000
2017-12-20,56.0300,56.0800,55.3600,55.9800,54.7283,1110100,0.0000,1.0000
2017-12-19,56.3300,56.6900,55.7600,55.8500,54.6012,787900,0.0000,1.0000
2017-12-18,55.6500,56.5000,55.5300,56.1200,54.8651,1000100,0.0000,1.0000
2017-12-15,55.3200,55.7497,55.2000,55.5000,54.2590,2592300,0.0000,1.0000
2017-12-14,55.7100,55.9500,55.4100,55.4500,54.2101,493700,0.0000,1.0000
2017-12-13,55.9000,56.0800,55.7000,55.8000,54.5523,923600,0.0000,1.0000
2017-12-12,56.9800,57.0400,55.6500,55.7500,54.5034,672700,0.0000,1.0000
2017-12-11,56.1500,57.2000,56.1000,56.8800,55.6081,1390400,0.0000,1.0000
2017-12-08,55.0500,56.4200,54.9500,56.2000,54.9433,1608000,0.0000,1.0000
2017-12-07,54.2525,55.1600,54.2480,54.9800,53.7506,1004800,0.0000,1.0000
2017-12-06,54.4500,54.9000,54.3600,54.4500,53.2325,559600,0.0000,1.0000
2017-12-05,55.1000,55.1000,54.4400,54.4500,53.2325,666000,0.0000,1.0000
2017-12-04,55.0100,55.1570,54.6200,54.9500,53.7213,795300,0.0000,1.0000
2017-12-01,54.5000,54.9300,53.8600,54.8600,53.6333,1410000,0.0000,1.0000
2017-11-30,53.9400,54.4850,53.7500,54.3700,53.1543,2492700,0.0000,1.0000
2017-11-29,53.9800,54.3700,53.4900,53.9500,52.7437,1096900,0.0000,1.0000
2017-11-28,54.0800,54.4500,53.7200,54.0300,52.8219,2590800,0.0000,1.0000
2017-11-27,54.4300,54.4800,53.9800,54.0300,52.8219,997500,0.0000,1.0000
2017-11-24,54.4000,54.6496,54.1800,54.4400,53.2227,130900,0.0000,1.0000
2017-11-22,53.7400,54.2700,53.4700,54.2500,53.0369,541100,0.0000,1.0000
2017-11-21,53.7300,54.2050,53.6300,53.7400,52.5383,726500,0.0000,1.0000
2017-11-20,53.2100,53.9100,53.2100,53.6900,52.4895,617700,0.0000,1.0000
2017-11-17,53.2107,53.9950,53.1600,53.2100,52.0202,853000,0.0000,1.0000
2017-11-16,52.9800,54.0300,52.9800,53.4500,52.2548,1499100,0.0000,1.0000
2017-11-15,53.2900,53.2900,52.7028,52.7400,51.5607,1070200,0.0000,1.0000
2017-11-14,52.7134,54.0100,52.4800,53.3900,52.1962,809600,0.0000,1.0000
2017-11-13,51.8789,52.8500,51.8000,52.7800,51.5998,747900,0.0000,1.0000
2017-11-10,51.3600,52.2400,50.6000,51.9600,50.7982,733100,0.0000,1.0000
2017-11-09,52.2000,52.4500,51.5663,51.6200,50.4658,415200,0.0000,1.0000
2017-11-08,51.7323,52.4100,51.6700,52.3900,51.2185,465000,0.0000,1.0000
2017-11-07,52.1900,52.3500,51.4500,51.6600,50.5049,435800,0.0000,1.0000
2017-11-06,52.4000,52.4700,51.7200,52.0600,50.8959,446600,0.0000,1.0000
2017-11-03,51.7300,52.4300,51.4600,52.1200,50.9546,660600,0.0000,1.0000
2017-11-02,51.1000,51.8600,50.9000,51.8000,50.6417,996700,0.1880,1.0000
2017-11-01,51.0200,51.9700,51.0200,51.3500,50.0180,650400,0.0000,1.0000
2017-10-31,50.5300,51.5600,50.4010,50.9900,49.6673,478900,0.0000,1.0000
2017-10-30,50.7000,50.9700,50.2600,50.3800,49.0732,475500,0.0000,1.0000
2017-10-27,50.6085,50.8700,50.0800,50.8200,49.5017,374500,0.0000,1.0000
2017-10-26,50.6500,50.9300,50.5700,50.6000,49.2875,298900,0.0000,1.0000
2017-10-25,51.0500,51.1600,50.3510,50.6200,49.3069,596400,0.0000,1.0000
2017-10-24,50.6600,51.2029,50.4500,50.7200,49.4043,409700,0.0000,1.0000
2017-10-23,50.6100,51.0800,50.5200,50.9000,49.5797,710000,0.0000,1.0000
2017-10-20,50.4100,50.7780,50.2300,50.6300,49.3167,501300,0.0000,1.0000
2017-10-19,50.4700,50.6800,50.1300,50.3000,48.9952,487800,0.0000,1.0000
2017-10-18,50.3800,50.5650,50.2200,50.5600,49.2485,763000,0.0000,1.0000
2017-10-17,50.5500,50.5966,49.9100,50.2200,48.9173,1048600,0.0000,1.0000
2017-10-16,50.0000,50.8200,50.0000,50.6900,49.3751,665600,0.0000,1.0000
2017-10-13,49.8900,50.0400,49.6110,50.0000,48.7030,534800,0.0000,1.0000
2017-10-12,49.3600,49.7260,49.0000,49.7000,48.4108,504700,0.0000,1.0000
2017-10-11,49.0500,49.7488,48.9500,49.3700,48.0894,739300,0.0000,1.0000
2017-10-10,49.0900,49.2400,48.8529,49.0400,47.7679,781700,0.0000,1.0000
2017-10-09,49.1400,49.2100,48.7098,48.8300,47.5634,545200,0.0000,1.0000
2017-10-06,48.5900,49.1300,48.5900,49.1300,47.8556,760100,0.0000,1.0000
2017-10-05,48.8400,49.1400,48.5400,48.5900,47.3296,905800,0.0000,1.0000
2017-10-04,48.6640,48.8500,46.3000,48.4100,47.1543,2031300,0.0000,1.0000
2017-10-03,47.5400,47.6100,46.9600,47.1700,45.9464,1275800,0.0000,1.0000
2017-10-02,46.8000,48.1700,46.6820,47.5400,46.3068,1324700,0.0000,1.0000
2017-09-29,46.4600,47.1500,46.4600,46.8900,45.6737,910200,0.0000,1.0000
2017-09-28,45.9800,46.6300,45.8750,46.5800,45.3717,685700,0.0000,1.0000
2017-09-27,45.8300,46.2400,45.6300,46.0400,44.8457,686400,0.0000,1.0000
2017-09-26,45.2600,45.8172,45.1700,45.5300,44.3490,598000,0.0000,1.0000
2017-09-25,45.3600,45.6000,45.0200,45.1700,43.9983,857600,0.0000,1.0000
2017-09-22,45.9800,46.1400,45.3300,45.3800,44.2029,380800,0.0000,1.0000
2017-09-21,46.7200,46.7450,45.8300,45.8600,44.6704,284600,0.0000,1.0000
2017-09-20,46.3668,46.7200,46.1800,46.6500,45.4399,815700,0.0000,1.0000
2017-09-19,46.2900,46.4300,45.9900,46.3900,45.1866,666400,0.0000,1.0000
2017-09-18,46.3000,46.4500,45.8700,46.2800,45.0795,583100,0.0000,1.0000
2017-09-15,46.1600,46.5043,46.1200,46.3900,45.1866,1962700,0.0000,1.0000
2017-09-14,46.4900,46.5500,46.0100,46.0700,44.8750,636300,0.0000,1.0000
2017-09-13,46.0400,46.7450,46.0400,46.5500,45.3425,848300,0.0000,1.0000
2017-09-12,45.6700,46.0100,45.5100,46.0000,44.8068,714000,0.0000,1.0000
2017-09-11,45.6700,46.1300,45.4800,45.6300,44.4464,567100,0.0000,1.0000
2017-09-08,45.2100,45.9000,44.9200,45.4400,44.2613,631400,0.0000,1.0000
2017-09-07,45.3900,45.5800,45.0400,45.2800,44.1054,721100,0.0000,1.0000
2017-09-06,45.7400,45.8050,45.0200,45.3200,44.1444,730500,0.0000,1.0000
2017-09-05,46.0500,46.2300,45.5600,45.7400,44.5535,1071500,0.0000,1.0000
2017-09-01,45.7200,46.1500,45.5500,45.9900,44.7970,545600,0.0000,1.0000
2017-08-31,45.1100,45.7087,45.0100,45.4800,44.3003,652000,0.0000,1.0000
2017-08-30,45.1100,45.2414,44.6800,45.1700,43.9983,731800,0.0000,1.0000
2017-08-29,44.7800,45.1600,44.7300,45.0700,43.9009,975900,0.0000,1.0000
2017-08-28,45.1900,45.1900,44.7200,44.8800,43.7158,981200,0.0000,1.0000
2017-08-25,45.0600,45.2300,44.8100,45.0400,43.8717,983000,0.0000,1.0000
2017-08-24,45.6100,45.6100,44.8150,45.0000,43.8327,1029500,0.0000,1.0000
2017-08-23,45.5700,45.7400,45.0300,45.5900,44.4074,709100,0.0000,1.0000
2017-08-22,45.5000,45.9700,45.3884,45.6600,44.4756,858600,0.0000,1.0000
2017-08-21,45.1400,45.5800,45.0140,45.4500,44.2710,697200,0.0000,1.0000
2017-08-18,45.2100,45.3100,44.8600,45.2700,44.0957,755600,0.0000,1.0000
2017-08-17,45.2900,45.9000,45.1200,45.3700,44.1931,729800,0.0000,1.0000
2017-08-16,45.1100,45.5699,44.9200,45.3600,44.1834,523200,0.0000,1.0000
2017-08-15,44.9000,45.0800,44.7000,45.0200,43.8522,439800,0.0000,1.0000
2017-08-14,44.8707,45.0600,44.6950,44.8100,43.6476,690800,0.0000,1.0000
2017-08-11,44.3300,44.8100,44.0800,44.8100,43.6476,452800,0.0000,1.0000
2017-08-10,43.4300,44.3800,43.2800,44.3400,43.1898,620000,0.0000,1.0000
2017-08-09,43.4500,43.8100,43.0000,43.5100,42.3814,690700,0.0000,1.0000
2017-08-08,43.7400,43.7600,43.2100,43.5600,42.4301,789300,0.0000,1.0000
2017-08-07,43.6200,44.1100,43.4100,43.8600,42.7223,555500,0.0000,1.0000
2017-08-04,43.4100,43.6200,42.9000,43.6200,42.4885,441600,0.0000,1.0000
2017-08-03,43.7400,43.7400,43.1200,43.2200,42.0989,691500,0.0000,1.0000
2017-08-02,43.8600,44.1300,43.2500,43.7600,42.6249,1002600,0.1880,1.0000
2017-08-01,44.2100,44.2600,43.9100,44.0400,42.7145,1093500,0.0000,1.0000
2017-07-31,43.6500,44.1500,43.6420,43.9800,42.6563,1196700,0.0000,1.0000
2017-07-28,43.6900,44.1810,43.6000,43.8200,42.5011,951100,0.0000,1.0000
2017-07-27,44.2900,44.5400,43.7200,43.8600,42.5399,1866100,0.0000,1.0000
2017-07-26,45.5100,46.0100,44.1800,44.2800,42.9473,1260000,0.0000,1.0000
2017-07-25,47.3800,49.9400,45.0200,45.6800,44.3051,3175200,0.0000,1.0000
2017-07-24,44.8100,45.2600,44.4600,44.7500,43.4031,961900,0.0000,1.0000
2017-07-21,44.3000,45.2000,44.2700,45.0000,43.6456,1989000,0.0000,1.0000
2017-07-20,44.4400,44.5100,44.2200,44.2800,42.9473,470100,0.0000,1.0000
2017-07-19,44.2000,44.5700,44.0500,44.3800,43.0443,592600,0.0000,1.0000
2017-07-18,44.0200,44.3400,43.8554,44.1300,42.8018,568800,0.0000,1.0000
2017-07-17,43.6700,44.1800,43.4000,43.9900,42.6660,512500,0.0000,1.0000
2017-07-14,43.8000,44.0900,43.6050,43.6500,42.3362,358100,0.0000,1.0000
2017-07-13,44.0300,44.1900,43.4800,43.7700,42.4526,696700,0.0000,1.0000
2017-07-12,44.0000,44.5300,43.7500,44.0000,42.6757,931900,0.0000,1.0000
2017-07-11,42.8100,43.8100,42.5800,43.7900,42.4720,1129600,0.0000,1.0000
2017-07-10,43.2000,43.2600,42.5800,42.7400,41.4536,1034900,0.0000,1.0000
2017-07-07,43.0107,43.4000,42.7600,43.1000,41.8028,516800,0.0000,1.0000
2017-07-06,43.1300,43.2358,42.7450,42.9000,41.6088,726300,0.0000,1.0000
2017-07-05,43.6700,44.0700,43.2600,43.2700,41.9677,820600,0.0000,1.0000
2017-07-03,44.0200,44.1600,43.3200,43.8600,42.5399,618100,0.0000,1.0000
2017-06-30,44.2900,44.5100,43.9600,44.0400,42.7145,652600,0.0000,1.0000
2017-06-29,45.3000,45.3100,44.0400,44.1300,42.8018,762100,0.0000,1.0000
2017-06-28,44.8600,45.7400,44.6500,45.3700,44.0045,663600,0.0000,1.0000
2017-06-27,45.2800,45.3700,44.5200,44.6900,43.3449,591400,0.0000,1.0000
2017-06-26,45.6200,45.7400,45.0565,45.3400,43.9754,483000,0.0000,1.0000
2017-06-23,45.5400,45.7300,45.3106,45.5600,44.1887,2435400,0.0000,1.0000
2017-06-22,45.8300,46.0100,45.4100,45.5900,44.2178,310800,0.0000,1.0000
2017-06-21,45.9100,46.1800,45.5700,45.8200,44.4409,812100,0.0000,1.0000
2017-06-20,45.8600,45.9300,45.4800,45.7300,44.3536,447500,0.0000,1.0000
2017-06-19,44.9600,45.6500,44.9600,45.5500,44.1790,906200,0.0000,1.0000
2017-06-16,45.1800,45.2700,43.8900,45.0700,43.7135,1658200,0.0000,1.0000
2017-06-15,45.4600,45.6400,45.0600,45.3200,43.9560,480300,0.0000,1.0000
2017-06-14,45.8000,46.1300,45.4600,45.5900,44.2178,760000,0.0000,1.0000
2017-06-13,45.6000,46.2400,45.4700,45.9800,44.5961,592500,0.0000,1.0000
2017-06-12,46.1600,46.2800,45.2000,45.4300,44.0627,611500,0.0000,1.0000
2017-06-09,46.5800,46.7600,45.8500,46.0300,44.6446,862700,0.0000,1.0000
2017-06-08,46.9000,46.9100,46.4800,46.5000,45.1004,374000,0.0000,1.0000
2017-06-07,46.7600,47.2100,46.3250,46.9100,45.4981,691100,0.0000,1.0000
2017-06-06,46.6500,46.7050,45.9400,46.6700,45.2653,568100,0.0000,1.0000
2017-06-05,47.1500,47.4600,46.4100,46.7100,45.3041,653600,0.0000,1.0000
2017-06-02,47.5600,47.9900,47.0000,47.3800,45.9540,634100,0.0000,1.0000
2017-06-01,46.4800,47.4000,46.3300,47.3200,45.8958,740500,0.0000,1.0000
2017-05-31,46.3100,46.8200,46.3100,46.4100,45.0132,879700,0.0000,1.0000
2017-05-30,45.5000,46.3200,45.4100,46.1700,44.7804,756900,0.0000,1.0000
2017-05-26,45.5500,45.8100,45.3100,45.6600,44.2857,434200,0.0000,1.0000
2017-05-25,45.5800,45.9200,45.3989,45.6300,44.2566,561400,0.0000,1.0000
2017-05-24,44.6800,45.5100,44.4000,45.4900,44.1209,1182000,0.0000,1.0000
2017-05-23,44.5100,44.7300,44.1600,44.2200,42.8891,650800,0.0000,1.0000
2017-05-22,44.5000,44.7500,44.2900,44.5800,43.2382,531800,0.0000,1.0000
2017-05-19,44.4200,44.8400,44.0500,44.3800,43.0443,740200,0.0000,1.0000
2017-05-18,44.0500,44.2200,43.7200,43.9400,42.6175,2490800,0.0000,1.0000
2017-05-17,44.3900,44.7100,44.0300,44.1700,42.8406,1248000,0.0000,1.0000
2017-05-16,43.2300,44.5100,43.1000,44.4700,43.1315,1805900,0.0000,1.0000
2017-05-15,42.1400,42.9600,42.1373,42.9300,41.6379,601600,0.0000,1.0000
2017-05-12,42.0700,42.3700,42.0700,42.2000,40.9299,523100,0.0000,1.0000
2017-05-11,42.3300,42.5000,41.9200,42.2000,40.9299,1006900,0.0000,1.0000
2017-05-10,41.6800,42.4700,41.6500,42.4700,41.1917,1017200,0.0000,1.0000
2017-05-09,41.6200,41.9000,41.3128,41.7500,40.4934,715000,0.0000,1.0000
2017-05-08,41.4200,41.6200,41.1200,41.5800,40.3285,739200,0.0000,1.0000
2017-05-05,41.1800,41.6350,41.1800,41.5700,40.3188,595200,0.0000,1.0000
2017-05-04,41.1800,41.4000,40.7500,41.2600,40.0182,959100,0.0000,1.0000
2017-05-03,41.1700,41.4400,40.8300,40.9000,39.6690,800600,0.0000,1.0000
2017-05-02,41.6800,42.0200,40.9100,41.3900,40.1443,1039700,0.0000,1.0000
2017-05-01,41.8600,41.9700,41.3500,41.8000,40.5419,1440300,0.0000,1.0000
2017-04-28,42.5905,42.6400,41.5500,41.7500,40.4934,1186100,0.0000,1.0000
2017-04-27,42.1400,42.8500,42.1300,42.6400,41.3566,991400,0.0000,1.0000
2017-04-26,42.3300,42.3800,41.9600,42.2400,40.9687,901200,0.1880,1.0000
2017-04-25,42.8400,42.9300,42.2800,42.4600,40.9997,840100,0.0000,1.0000
2017-04-24,42.5300,42.7100,42.2000,42.6700,41.2025,555600,0.0000,1.0000
2017-04-21,42.5700,42.5700,42.0400,42.2600,40.8066,679600,0.0000,1.0000
2017-04-20,42.3100,42.7400,42.0200,42.6000,41.1349,415600,0.0000,1.0000
2017-04-19,42.2900,42.3900,42.0077,42.2000,40.7486,526300,0.0000,1.0000
2017-04-18,42.2700,42.4400,41.9900,42.3800,40.9225,812900,0.0000,1.0000
2017-04-17,41.8900,42.2600,41.7550,42.2300,40.7776,508300,0.0000,1.0000
2017-04-13,42.1800,42.3400,41.8700,41.8700,40.4300,531800,0.0000,1.0000
2017-04-12,42.9000,42.9500,42.0800,42.1600,40.7100,717600,0.0000,1.0000
2017-04-11,42.7800,42.8900,42.0940,42.8800,41.4053,1170500,0.0000,1.0000
2017-04-10,42.9400,43.0100,42.1800,42.7600,41.2894,1236700,0.0000,1.0000
2017-04-07,42.1300,43.2600,41.7500,42.9900,41.5115,2618100,0.0000,1.0000
2017-04-06,43.1200,43.4000,40.6100,43.1400,41.6563,2956500,0.0000,1.0000
2017-04-05,42.1279,42.5000,41.7000,41.7400,40.3045,816300,0.0000,1.0000
2017-04-04,42.0800,42.2200,41.5400,42.1900,40.7390,1297300,0.0000,1.0000
2017-04-03,42.0101,42.2500,41.7500,42.0000,40.5555,914700,0.0000,1.0000
2017-03-31,42.0700,42.1450,41.8100,42.0600,40.6135,1003800,0.0000,1.0000
2017-03-30,42.7000,42.7000,42.0600,42.0900,40.6424,640800,0.0000,1.0000
2017-03-29,42.8800,42.9500,42.5200,42.6400,41.1735,704000,0.0000,1.0000
2017-03-28,42.8600,43.2000,42.6619,42.9200,41.4439,901800,0.0000,1.0000
2017-03-27,42.5300,43.0207,42.2200,42.9600,41.4825,812700,0.0000,1.0000
2017-03-24,43.0000,43.2350,42.6698,42.6700,41.2025,1338300,0.0000,1.0000
2017-03-23,42.4000,43.2800,42.2200,43.0100,41.5308,1135600,0.0000,1.0000
2017-03-22,43.0200,43.4800,42.4300,42.4400,40.9804,1391700,0.0000,1.0000
2017-03-21,42.5935,43.1250,42.5400,42.8700,41.3956,1640100,0.0000,1.0000
2017-03-20,42.3100,42.6300,42.0910,42.4800,41.0190,1693200,0.0000,1.0000
2017-03-17,41.9400,42.3900,41.6690,42.2500,40.7969,1609000,0.0000,1.0000
2017-03-16,42.2800,42.5000,41.7500,41.9900,40.5459,1065300,0.0000,1.0000
2017-03-15,42.4400,43.4700,42.2800,42.3600,40.9031,2309500,0.0000,1.0000
2017-03-14,41.5000,42.2481,41.3230,42.2100,40.7583,992300,0.0000,1.0000
2017-03-13,41.3900,41.6100,41.3127,41.5300,40.1017,1383900,0.0000,1.0000
2017-03-10,41.0200,41.6000,40.8640,41.4000,39.9762,1544100,0.0000,1.0000
2017-03-09,40.7900,41.1000,40.5400,40.9800,39.5706,1533800,0.0000,1.0000
2017-03-08,40.6500,41.0800,40.4200,40.7200,39.3196,1926500,0.0000,1.0000
2017-03-07,40.2600,41.0500,40.0450,40.7400,39.3389,1684000,0.0000,1.0000
2017-03-06,40.3700,40.6092,40.0600,40.4200,39.0299,1784400,0.0000,1.0000
2017-03-03,40.0800,40.4670,39.5300,40.4000,39.0106,1254100,0.0000,1.0000
2017-03-02,39.7000,40.3900,39.5570,40.2200,38.8368,818900,0.0000,1.0000
2017-03-01,39.1000,40.0400,39.0709,39.9500,38.5760,734400,0.0000,1.0000
2017-02-28,39.4400,39.7900,39.1900,39.1900,37.8422,653800,0.0000,1.0000
2017-02-27,39.7000,39.7000,39.0800,39.4800,38.1222,603400,0.0000,1.0000
2017-02-24,39.5000,39.6600,39.3220,39.5800,38.2188,374900,0.0000,1.0000
2017-02-23,39.9500,39.9500,39.2700,39.5000,38.1415,564200,0.0000,1.0000
2017-02-22,39.4094,40.0000,39.4100,39.8500,38.4795,800800,0.0000,1.0000
2017-02-21,39.5600,40.1335,39.3000,39.6200,38.2574,1295400,0.0000,1.0000
2017-02-17,39.7703,39.9500,39.3000,39.6200,38.2574,1488000,0.0000,1.0000
2017-02-16,39.5700,40.1600,39.5600,39.9000,38.5278,1034800,0.0000,1.0000
2017-02-15,39.5000,39.7500,39.2000,39.6300,38.2670,1387700,0.0000,1.0000
2017-02-14,39.3300,39.7400,39.2500,39.6500,38.2863,1098400,0.0000,1.0000
2017-02-13,39.2400,39.7100,38.8300,39.4300,38.0739,1128300,0.0000,1.0000
2017-02-10,39.0000,39.5713,38.6000,39.2700,37.9194,868900,0.0000,1.0000
2017-02-09,39.0600,39.5200,38.6900,39.0800,37.7360,1138900,0.0000,1.0000
2017-02-08,39.2800,39.6900,38.5800,39.1600,37.8132,1575200,0.0000,1.0000
2017-02-07,39.2500,39.8000,38.9800,39.4100,38.0546,1362100,0.0000,1.0000
2017-02-06,39.1300,39.3500,38.7210,39.2400,37.8904,1097600,0.0000,1.0000
2017-02-03,38.4900,39.4700,38.4600,38.9000,37.5621,1495200,0.0000,1.0000
2017-02-02,37.7000,38.8100,37.6100,38.4200,37.0986,2496300,0.0000,1.0000
2017-02-01,37.5800,37.9706,37.1600,37.7700,36.4710,2212200,0.0000,1.0000
2017-01-31,36.6800,37.5500,36.6802,37.3600,36.0751,1625200,0.0000,1.0000
2017-01-30,36.2000,36.9300,36.2000,36.7800,35.5151,912300,0.0000,1.0000
2017-01-27,36.3970,36.5400,35.8100,36.4400,35.1867,1088400,0.0000,1.0000
2017-01-26,36.3900,36.8700,36.2500,36.3300,35.0805,1015300,0.1880,1.0000
2017-01-25,37.4500,37.8000,36.4400,36.6700,35.2273,1183300,0.0000,1.0000
2017-01-24,36.6600,37.6700,36.5900,37.4900,36.0150,1199600,0.0000,1.0000
2017-01-23,36.9800,37.4200,36.4660,36.7700,35.3234,2035300,0.0000,1.0000
2017-01-20,36.9500,37.5611,36.7700,37.1100,35.6500,1337000,0.0000,1.0000
2017-01-19,36.7900,37.0000,36.3300,36.9600,35.5059,890400,0.0000,1.0000
2017-01-18,36.7500,36.8802,36.4100,36.6400,35.1985,1214200,0.0000,1.0000
2017-01-17,37.1414,37.2200,36.7500,36.8900,35.4386,1907200,0.0000,1.0000
2017-01-13,36.8900,37.2993,36.5500,37.2200,35.7557,1010200,0.0000,1.0000
2017-01-12,36.6888,37.0100,36.1200,36.9600,35.5059,1235200,0.0000,1.0000
2017-01-11,36.7000,37.2000,36.0200,36.8900,35.4386,2185900,0.0000,1.0000
2017-01-10,38.7900,38.9600,36.1888,36.8400,35.3906,3712600,0.0000,1.0000
2017-01-09,36.8100,37.0900,36.1000,36.8900,35.4386,1333800,0.0000,1.0000
2017-01-06,36.4200,36.9600,36.0600,36.8300,35.3810,1368000,0.0000,1.0000
2017-01-05,36.9800,37.7100,36.4800,36.6200,35.1793,1099600,0.0000,1.0000
2017-01-04,37.6700,38.4100,36.4250,36.9800,35.5251,1712300,0.0000,1.0000
2017-01-03,37.7110,38.6000,37.3600,37.4900,36.0150,2007000,0.0000,1.0000
2016-12-30,37.7400,38.5200,37.6750,37.8500,36.3609,773000,0.0000,1.0000
2016-12-29,37.3700,37.9600,37.1430,37.7700,36.2840,658500,0.0000,1.0000
2016-12-28,37.2500,37.6600,37.0100,37.2300,35.7653,533800,0.0000,1.0000
2016-12-27,36.6500,37.4900,36.6089,37.3400,35.8709,822200,0.0000,1.0000
2016-12-23,36.4100,37.0700,35.9700,36.8500,35.4002,888300,0.0000,1.0000
2016-12-22,35.0000,36.6200,34.8000,36.3300,34.9007,1438500,0.0000,1.0000
2016-12-21,34.6400,35.2200,34.4600,35.0200,33.6422,703600,0.0000,1.0000
2016-12-20,34.2200,35.1100,34.2000,34.9500,33.5750,944900,0.0000,1.0000
2016-12-19,35.3100,35.8400,34.2700,34.4800,33.1235,1983200,0.0000,1.0000
2016-12-16,34.3400,35.4724,34.2800,35.2600,33.8728,3784000,0.0000,1.0000
2016-12-15,35.0600,35.2640,34.1500,34.3800,33.0274,1555100,0.0000,1.0000
2016-12-14,36.6200,37.0000,34.9700,35.1500,33.7671,3886300,0.0000,1.0000
2016-12-13,36.9700,37.0900,35.6700,36.5800,35.1408,1814000,0.0000,1.0000
2016-12-12,36.3800,37.2150,36.3100,36.7300,35.2849,1258300,0.0000,1.0000
2016-12-09,35.8200,36.5100,35.6000,36.3800,34.9487,1993100,0.0000,1.0000
2016-12-08,34.9100,36.0000,34.6100,35.9300,34.5164,2603000,0.0000,1.0000
2016-12-07,34.0700,34.9800,34.0000,34.7500,33.3828,3809400,0.0000,1.0000
2016-12-06,33.4500,33.8600,33.2100,33.8200,32.4894,1622900,0.0000,1.0000
2016-12-05,32.8700,33.7600,32.7500,33.6500,32.3261,2004700,0.0000,1.0000
2016-12-02,32.1600,33.2100,32.0100,32.9900,31.6921,1213100,0.0000,1.0000
2016-12-01,33.0400,33.2600,32.1850,32.5100,31.2310,2914900,0.0000,1.0000
2016-11-30,33.2600,34.3000,33.0000,33.4800,32.1628,2764900,0.0000,1.0000
2016-11-29,33.0500,33.3600,32.7200,33.1900,31.8842,2139500,0.0000,1.0000
2016-11-28,32.2700,33.5000,32.1722,32.7400,31.4519,1928500,0.0000,1.0000
2016-11-25,32.7600,32.7800,32.2700,32.5900,31.3078,827800,0.0000,1.0000
2016-11-23,32.7000,33.4700,32.5000,33.0200,31.7209,3619500,0.0000,1.0000
2016-11-22,31.5200,33.1500,30.4293,32.7000,31.4135,5601700,0.0000,1.0000
2016-11-21,32.2600,32.5000,31.2900,31.7400,30.4913,5036700,0.0000,1.0000
2016-11-18,32.1378,33.1000,31.7900,32.6800,31.3943,4253400,0.0000,1.0000
2016-11-17,31.4000,33.0650,30.6350,32.5100,31.2310,5252000,0.0000,1.0000
2016-11-16,30.7700,32.0400,30.6100,31.7000,30.4528,4342300,0.0000,1.0000
2016-11-15,29.6400,30.7000,29.6200,30.4300,29.2328,3667200,0.0000,1.0000
2016-11-14,29.3400,30.4300,28.7500,30.1900,29.0022,4481900,0.0000,1.0000
2016-11-11,29.8000,30.0900,28.8497,29.8900,28.7140,6020100,0.0000,1.0000
2016-11-10,32.0400,32.3500,29.8200,30.3300,29.1367,35019100,0.0000,1.0000
